"stoa_work_id","latin_title","stoa_group_id","group_name"
"latinLit:stoa0001/latinLit:stoa001","Epistola ad Desiderium","latinLit:stoa0001","Abbo Metensis"
"latinLit:stoa0002/latinLit:stoa001","Dialogus","latinLit:stoa0002","Abelard, Peter"
"latinLit:stoa0002/latinLit:stoa002","Historia calamitatum","latinLit:stoa0002","Abelard, Peter"
"latinLit:stoa0002/latinLit:stoa003","Theologia","latinLit:stoa0002","Abelard, Peter"
"latinLit:stoa0003/latinLit:stoa001","Epigramma","latinLit:stoa0003","Ablabius"
"latinLit:stoa0003/latinLit:stoa002","Epistula de iure civitatis Orcistenorum","latinLit:stoa0003","Ablabius"
"latinLit:stoa0004/latinLit:stoa001","Acta","latinLit:stoa0004","Acholius"
"latinLit:stoa0005/latinLit:stoa001","Historica fragmenta","latinLit:stoa0005","Actorius Naso, Marcus"
"latinLit:stoa0006/latinLit:stoa001","Carmen ad Rotbertum regem","latinLit:stoa0006","Adalbero Laudunensis"
"latinLit:stoa0006/latinLit:stoa002","De Summa Fidei","latinLit:stoa0006","Adalbero Laudunensis"
"latinLit:stoa0006/latinLit:stoa003","Rythmus Satiricus","latinLit:stoa0006","Adalbero Laudunensis"
"latinLit:stoa0007/latinLit:stoa001","Vita Sanctae Columbae","latinLit:stoa0007","Adamnan"
"latinLit:stoa0008/latinLit:stoa001","Opera","latinLit:stoa0008","Addison, Joseph"
"latinLit:stoa0009/latinLit:stoa001","De ortu et tempore Antichristi","latinLit:stoa0009","Adso Dervensis"
"latinLit:stoa0010/latinLit:stoa001","Epigrammata","latinLit:stoa0010","Aedituus, Valerius"
"latinLit:stoa0011/latinLit:stoa001","De amicitia","latinLit:stoa0011","Aelredus Rievallensis"
"latinLit:stoa0012/latinLit:stoa001","Decretum Hastense","latinLit:stoa0012","Aemilius Paulus"
"latinLit:stoa0013/latinLit:stoa001","Liber pontificalis","latinLit:stoa0013","Agnellus"
"latinLit:stoa0014/latinLit:stoa001","Roxana","latinLit:stoa0014","Alabaster, William"
"latinLit:stoa0015/latinLit:stoa001","De planctu naturae","latinLit:stoa0015","Alanus ad Insulis"
"latinLit:stoa0016/latinLit:stoa001","De dictamine","latinLit:stoa0016","Alberic of Monte Cassino"
"latinLit:stoa0017/latinLit:stoa001","Ars dictandi","latinLit:stoa0017","Albert of Saxony"
"latinLit:stoa0018/latinLit:stoa001","Ars loquendi et tacendi","latinLit:stoa0018","Albertano of Brescia"
"latinLit:stoa0018/latinLit:stoa002","De amore et dilectione dei","latinLit:stoa0018","Albertano of Brescia"
"latinLit:stoa0018/latinLit:stoa003","Liber consolationis et consilii","latinLit:stoa0018","Albertano of Brescia"
"latinLit:stoa0018/latinLit:stoa004","Sermo Januensis","latinLit:stoa0018","Albertano of Brescia"
"latinLit:stoa0018/latinLit:stoa005","Sermones","latinLit:stoa0018","Albertano of Brescia"
"latinLit:stoa0019/latinLit:stoa001","De pictura","latinLit:stoa0019","Alberti, Leon Battista"
"latinLit:stoa0019/latinLit:stoa002","Naufragus","latinLit:stoa0019","Alberti, Leon Battista"
"latinLit:stoa0020/latinLit:stoa001","Cella Alcuini","latinLit:stoa0020","Alcuin"
"latinLit:stoa0020/latinLit:stoa002","Conflictus veris et hiemis","latinLit:stoa0020","Alcuin"
"latinLit:stoa0020/latinLit:stoa003","De luscinia","latinLit:stoa0020","Alcuin"
"latinLit:stoa0020/latinLit:stoa004","Disputatio de rhetorica","latinLit:stoa0020","Alcuin"
"latinLit:stoa0020/latinLit:stoa005","Epitaphium","latinLit:stoa0020","Alcuin"
"latinLit:stoa0020/latinLit:stoa006","Propositiones","latinLit:stoa0020","Alcuin"
"latinLit:stoa0020/latinLit:stoa007","Sequentia de Sancto Michaele","latinLit:stoa0020","Alcuin"
"latinLit:stoa0020/latinLit:stoa008","Versus de cuculo","latinLit:stoa0020","Alcuin"
"latinLit:stoa0021/latinLit:stoa001","Discipline clericalis","latinLit:stoa0021","Alfonsi, Petrus"
"latinLit:stoa0022/latinLit:stoa001","De excessu fratris sui Satyri","latinLit:stoa0022","Ambrose"
"latinLit:stoa0022/latinLit:stoa002","De fide ad Gratianum","latinLit:stoa0022","Ambrose"
"latinLit:stoa0022/latinLit:stoa003","De mysteriis","latinLit:stoa0022","Ambrose"
"latinLit:stoa0022/latinLit:stoa004","De officiis ministrorum","latinLit:stoa0022","Ambrose"
"latinLit:stoa0022/latinLit:stoa005","De paenitentia","latinLit:stoa0022","Ambrose"
"latinLit:stoa0022/latinLit:stoa006","De spiritu sancto","latinLit:stoa0022","Ambrose"
"latinLit:stoa0022/latinLit:stoa007","De viduis","latinLit:stoa0022","Ambrose"
"latinLit:stoa0022/latinLit:stoa008","De virginibus ad Marcellinam sororem","latinLit:stoa0022","Ambrose"
"latinLit:stoa0022/latinLit:stoa009","Epistulae","latinLit:stoa0022","Ambrose"
"latinLit:stoa0022/latinLit:stoa010","Hymni","latinLit:stoa0022","Ambrose"
"latinLit:stoa0022/latinLit:stoa011","Sermo contra Auxentium de basilicis tradendis","latinLit:stoa0022","Ambrose"
"latinLit:stoa0023/latinLit:stoa001","Res gestae a fine Corneli Taciti","latinLit:stoa0023","Ammianus Marcellinus"
"latinLit:stoa0024/latinLit:stoa001","Liber memorialis","latinLit:stoa0024","Ampelius"
"latinLit:stoa0025/latinLit:stoa001","Chronicon","latinLit:stoa0025","Andreas Bergomas"
"latinLit:stoa0026/latinLit:stoa001","De Amore","latinLit:stoa0026","Andreas Capellanus"
"latinLit:stoa0027/latinLit:stoa001","Versus de Bella quae fuit acta Fontaneto","latinLit:stoa0027","Angilbert"
"latinLit:stoa0028/latinLit:stoa001","Cur deus homo","latinLit:stoa0028","Anselm"
"latinLit:stoa0028/latinLit:stoa002","Epistula ad Urbanum papam","latinLit:stoa0028","Anselm"
"latinLit:stoa0028/latinLit:stoa003","Monologium","latinLit:stoa0028","Anselm"
"latinLit:stoa0028/latinLit:stoa004","Proslogium","latinLit:stoa0028","Anselm"
"latinLit:stoa0029/latinLit:stoa001","De re coquinaria","latinLit:stoa0029","Apicius"
"latinLit:stoa0030/latinLit:stoa001","Apologia","latinLit:stoa0030","Apuleius"
"latinLit:stoa0030/latinLit:stoa002","De deo Socratis","latinLit:stoa0030","Apuleius"
"latinLit:stoa0030/latinLit:stoa003","De dogmate Platonis","latinLit:stoa0030","Apuleius"
"latinLit:stoa0030/latinLit:stoa004","De mundo","latinLit:stoa0030","Apuleius"
"latinLit:stoa0030/latinLit:stoa005","Florida","latinLit:stoa0030","Apuleius"
"latinLit:stoa0030/latinLit:stoa006","Fragmenta","latinLit:stoa0030","Apuleius"
"latinLit:stoa0030/latinLit:stoa007","Metamorphoses","latinLit:stoa0030","Apuleius"
"latinLit:stoa0031/latinLit:stoa001","Catena Aurea","latinLit:stoa0031","Aquinas, St. Thomas"
"latinLit:stoa0031/latinLit:stoa002","Commentarius de Psalmis","latinLit:stoa0031","Aquinas, St. Thomas"
"latinLit:stoa0031/latinLit:stoa003","Corpus Christi","latinLit:stoa0031","Aquinas, St. Thomas"
"latinLit:stoa0031/latinLit:stoa004","De Anima","latinLit:stoa0031","Aquinas, St. Thomas"
"latinLit:stoa0031/latinLit:stoa005","De Ente et Essentia","latinLit:stoa0031","Aquinas, St. Thomas"
"latinLit:stoa0031/latinLit:stoa006","De Potentia","latinLit:stoa0031","Aquinas, St. Thomas"
"latinLit:stoa0031/latinLit:stoa007","De principio individuationis","latinLit:stoa0031","Aquinas, St. Thomas"
"latinLit:stoa0031/latinLit:stoa008","Epistola de modo studendi","latinLit:stoa0031","Aquinas, St. Thomas"
"latinLit:stoa0031/latinLit:stoa009","Summa contra Gentiles","latinLit:stoa0031","Aquinas, St. Thomas"
"latinLit:stoa0031/latinLit:stoa010","Summa Theologica","latinLit:stoa0031","Aquinas, St. Thomas"
"latinLit:stoa0032/latinLit:stoa001","Carminum fragmentum","latinLit:stoa0032","Arbronius Silo"
"latinLit:stoa0032/latinLit:stoa002","Pantomimi","latinLit:stoa0032","Arbronius Silo"
"latinLit:stoa0033/latinLit:stoa001","Carmina","latinLit:stoa0033","Archipoeta"
"latinLit:stoa0034/latinLit:stoa001","Adversus Nationes","latinLit:stoa0034","Arnobius"
"latinLit:stoa0035/latinLit:stoa001","De Nativitate Domini","latinLit:stoa0035","Arnulf of Lisieux"
"latinLit:stoa0036/latinLit:stoa001","Commentarii","latinLit:stoa0036","Asconius"
"latinLit:stoa0037/latinLit:stoa001","De Rebus Gestis Aelfredi","latinLit:stoa0037","Asserius"
"latinLit:stoa0038/latinLit:stoa001","Symbolum Quicumque","latinLit:stoa0038","Athanasius"
"latinLit:stoa0039/latinLit:stoa001","Fabularum palliatarum fragmenta","latinLit:stoa0039","Atilius"
"latinLit:stoa0040/latinLit:stoa001","Confessiones","latinLit:stoa0040","Augustine"
"latinLit:stoa0040/latinLit:stoa002","De Catechizandis Rudibus","latinLit:stoa0040","Augustine"
"latinLit:stoa0040/latinLit:stoa003","De civitate Dei","latinLit:stoa0040","Augustine"
"latinLit:stoa0040/latinLit:stoa004","De dialectica","latinLit:stoa0040","Augustine"
"latinLit:stoa0040/latinLit:stoa005","De doctrina Christiana","latinLit:stoa0040","Augustine"
"latinLit:stoa0040/latinLit:stoa006","De fide et symbolo","latinLit:stoa0040","Augustine"
"latinLit:stoa0040/latinLit:stoa007","De Magistro","latinLit:stoa0040","Augustine"
"latinLit:stoa0040/latinLit:stoa008","De Musica","latinLit:stoa0040","Augustine"
"latinLit:stoa0040/latinLit:stoa009","De Trinitate","latinLit:stoa0040","Augustine"
"latinLit:stoa0040/latinLit:stoa010","Enchiridion","latinLit:stoa0040","Augustine"
"latinLit:stoa0040/latinLit:stoa011","Epistulae","latinLit:stoa0040","Augustine"
"latinLit:stoa0040/latinLit:stoa012","Regula Sancti Augustini","latinLit:stoa0040","Augustine"
"latinLit:stoa0040/latinLit:stoa013","Sermones","latinLit:stoa0040","Augustine"
"latinLit:stoa0041/latinLit:stoa001","Epistula ad Gaium","latinLit:stoa0041","Augustus"
"latinLit:stoa0041/latinLit:stoa002","Res Gestae","latinLit:stoa0041","Augustus"
"latinLit:stoa0042/latinLit:stoa001","Elogium Sepulcrale","latinLit:stoa0042","Aurelius Hermia, Lucius"
"latinLit:stoa0043/latinLit:stoa001","Liber de Caesaribus","latinLit:stoa0043","Aurelius Victor"
"latinLit:stoa0044/latinLit:stoa001","De origine gentis Romanae","latinLit:stoa0044","[Aurelius Victor]"
"latinLit:stoa0044/latinLit:stoa002","De viris illustribus","latinLit:stoa0044","[Aurelius Victor]"
"latinLit:stoa0044/latinLit:stoa003","Epitome de Caesaribus","latinLit:stoa0044","[Aurelius Victor]"
"latinLit:stoa0045/latinLit:stoa001","Bissula","latinLit:stoa0045","Ausonius"
"latinLit:stoa0045/latinLit:stoa002","Caesares","latinLit:stoa0045","Ausonius"
"latinLit:stoa0045/latinLit:stoa003","Cento Nuptialis","latinLit:stoa0045","Ausonius"
"latinLit:stoa0045/latinLit:stoa004","Commemoratio Professorum Burdigalensium","latinLit:stoa0045","Ausonius"
"latinLit:stoa0045/latinLit:stoa005","Cupido Cruciatus","latinLit:stoa0045","Ausonius"
"latinLit:stoa0045/latinLit:stoa006","De Herediolo","latinLit:stoa0045","Ausonius"
"latinLit:stoa0045/latinLit:stoa007","Eclogarum Liber","latinLit:stoa0045","Ausonius"
"latinLit:stoa0045/latinLit:stoa008","Ephemeris","latinLit:stoa0045","Ausonius"
"latinLit:stoa0045/latinLit:stoa009","Epicedion in Patrem","latinLit:stoa0045","Ausonius"
"latinLit:stoa0045/latinLit:stoa010","Epigrammaton Liber","latinLit:stoa0045","Ausonius"
"latinLit:stoa0045/latinLit:stoa011","Epistulae","latinLit:stoa0045","Ausonius"
"latinLit:stoa0045/latinLit:stoa012","Epitaphia","latinLit:stoa0045","Ausonius"
"latinLit:stoa0045/latinLit:stoa013","Genethliacon ad Ausonium Nepotem","latinLit:stoa0045","Ausonius"
"latinLit:stoa0045/latinLit:stoa014","Gratiarum Actio","latinLit:stoa0045","Ausonius"
"latinLit:stoa0045/latinLit:stoa015","Griphus Ternarii Numeri","latinLit:stoa0045","Ausonius"
"latinLit:stoa0045/latinLit:stoa016","Liber Protrepticus ad Nepotem","latinLit:stoa0045","Ausonius"
"latinLit:stoa0045/latinLit:stoa017","[Libri de Fastis] Conclusio","latinLit:stoa0045","Ausonius"
"latinLit:stoa0045/latinLit:stoa018","Ludus Septem Sapientum","latinLit:stoa0045","Ausonius"
"latinLit:stoa0045/latinLit:stoa019","Mosella","latinLit:stoa0045","Ausonius"
"latinLit:stoa0045/latinLit:stoa020","Oratio Versibus Rhopalicis","latinLit:stoa0045","Ausonius"
"latinLit:stoa0045/latinLit:stoa021","Ordo Urbium Nobilium","latinLit:stoa0045","Ausonius"
"latinLit:stoa0045/latinLit:stoa022","Parentalia","latinLit:stoa0045","Ausonius"
"latinLit:stoa0045/latinLit:stoa023","Periocha Iliadis","latinLit:stoa0045","Ausonius"
"latinLit:stoa0045/latinLit:stoa024","Periocha Odyssiae","latinLit:stoa0045","Ausonius"
"latinLit:stoa0045/latinLit:stoa025","Praefatiunculae","latinLit:stoa0045","Ausonius"
"latinLit:stoa0045/latinLit:stoa026","Precationes","latinLit:stoa0045","Ausonius"
"latinLit:stoa0045/latinLit:stoa027","Versus Paschales Prosodici","latinLit:stoa0045","Ausonius"
"latinLit:stoa0046/latinLit:stoa001","Fabulae","latinLit:stoa0046","Avianus"
"latinLit:stoa0047/latinLit:stoa001","Carmen ad Flavianum","latinLit:stoa0047","Avienus"
"latinLit:stoa0047/latinLit:stoa002","Carmen ad Nortiam","latinLit:stoa0047","Avienus"
"latinLit:stoa0047/latinLit:stoa003","Ora maritima","latinLit:stoa0047","Avienus"
"latinLit:stoa0047/latinLit:stoa004","Orbis terrae","latinLit:stoa0047","Avienus"
"latinLit:stoa0048/latinLit:stoa001","Historia Regni Henrici Septimi","latinLit:stoa0048","Bacon, Francis"
"latinLit:stoa0048/latinLit:stoa002","Novum Organum","latinLit:stoa0048","Bacon, Francis"
"latinLit:stoa0048/latinLit:stoa003","Sermones Fideles","latinLit:stoa0048","Bacon, Francis"
"latinLit:stoa0049/latinLit:stoa001","Expositio et Ratio Omnium Formarum","latinLit:stoa0049","Balbus"
"latinLit:stoa0050/latinLit:stoa001","Novus Aesopus","latinLit:stoa0050","Baldo"
"latinLit:stoa0051/latinLit:stoa001","Argenis","latinLit:stoa0051","Barclay, John"
"latinLit:stoa0052/latinLit:stoa001","Christus Xilonicus","latinLit:stoa0052","Bartolomaeus Lochiensis"
"latinLit:stoa0053/latinLit:stoa001","Facetiae","latinLit:stoa0053","Bebel, Heinrich"
"latinLit:stoa0054/latinLit:stoa001","De orthographia","latinLit:stoa0054","Bede"
"latinLit:stoa0054/latinLit:stoa002","De temporum ratione","latinLit:stoa0054","Bede"
"latinLit:stoa0054/latinLit:stoa003","Elementa philosophiae","latinLit:stoa0054","Bede"
"latinLit:stoa0054/latinLit:stoa004","Epistola ad Albium","latinLit:stoa0054","Bede"
"latinLit:stoa0054/latinLit:stoa005","Epistola ad Ecgbertum episcopum","latinLit:stoa0054","Bede"
"latinLit:stoa0054/latinLit:stoa006","Historia ecclesiastica gentis Anglorum","latinLit:stoa0054","Bede"
"latinLit:stoa0054/latinLit:stoa007","Proverbia","latinLit:stoa0054","Bede"
"latinLit:stoa0054/latinLit:stoa008","Vita sancti Cuthberti","latinLit:stoa0054","Bede"
"latinLit:stoa0054/latinLit:stoa009","Vita sanctorum abbatum","latinLit:stoa0054","Bede"
"latinLit:stoa0054/latinLit:stoa010","De Temporibus","latinLit:stoa0054","Bede"
"latinLit:stoa0054/latinLit:stoa011","De Rerum Natura","latinLit:stoa0054","Bede"
"latinLit:stoa0055/latinLit:stoa001","Regula Sancti Benedicti","latinLit:stoa0055","Benedict Nursinus"
"latinLit:stoa0056/latinLit:stoa001","Apologeticus","latinLit:stoa0056","Berengarius Turonensis"
"latinLit:stoa0057/latinLit:stoa001","Susanna","latinLit:stoa0057","Betulius Augustanus, Xystus"
"latinLit:stoa0058/latinLit:stoa001","De consolatione philosophiae","latinLit:stoa0058","Boethius"
"latinLit:stoa0058/latinLit:stoa002","De institutione musica","latinLit:stoa0058","Boethius"
"latinLit:stoa0058/latinLit:stoa003","Quomodo substantiae bonae sint","latinLit:stoa0058","Boethius"
"latinLit:stoa0059/latinLit:stoa001","Itinerarium mentis in Deum","latinLit:stoa0059","Bonaventure"
"latinLit:stoa0060/latinLit:stoa001","Boncompagnus","latinLit:stoa0060","Boncompagno da Signa"
"latinLit:stoa0060/latinLit:stoa002","Breviloquium","latinLit:stoa0060","Boncompagno da Signa"
"latinLit:stoa0060/latinLit:stoa003","Cedrus","latinLit:stoa0060","Boncompagno da Signa"
"latinLit:stoa0060/latinLit:stoa004","Corona","latinLit:stoa0060","Boncompagno da Signa"
"latinLit:stoa0060/latinLit:stoa005","De amicitia","latinLit:stoa0060","Boncompagno da Signa"
"latinLit:stoa0060/latinLit:stoa006","De malo senectutis et senii","latinLit:stoa0060","Boncompagno da Signa"
"latinLit:stoa0060/latinLit:stoa007","De obsidione ancone","latinLit:stoa0060","Boncompagno da Signa"
"latinLit:stoa0060/latinLit:stoa008","[De vitiis evitandis et cursibus servandis in dictamine]","latinLit:stoa0060","Boncompagno da Signa"
"latinLit:stoa0060/latinLit:stoa009","[Epistola Boncompagni ad Philippum electum Ferrariensis]","latinLit:stoa0060","Boncompagno da Signa"
"latinLit:stoa0060/latinLit:stoa010","Epistola mandativa ad comites Palatinos","latinLit:stoa0060","Boncompagno da Signa"
"latinLit:stoa0060/latinLit:stoa011","Isagoge","latinLit:stoa0060","Boncompagno da Signa"
"latinLit:stoa0060/latinLit:stoa012","Liber X tabularum","latinLit:stoa0060","Boncompagno da Signa"
"latinLit:stoa0060/latinLit:stoa013","Mirra","latinLit:stoa0060","Boncompagno da Signa"
"latinLit:stoa0060/latinLit:stoa014","Notulae Aureae","latinLit:stoa0060","Boncompagno da Signa"
"latinLit:stoa0060/latinLit:stoa015","Oliva","latinLit:stoa0060","Boncompagno da Signa"
"latinLit:stoa0060/latinLit:stoa016","Palma","latinLit:stoa0060","Boncompagno da Signa"
"latinLit:stoa0060/latinLit:stoa017","Prologus ad Summam Codicis Azonis","latinLit:stoa0060","Boncompagno da Signa"
"latinLit:stoa0060/latinLit:stoa018","Quinque tabulae salutationum","latinLit:stoa0060","Boncompagno da Signa"
"latinLit:stoa0060/latinLit:stoa019","Rhetorica novissima","latinLit:stoa0060","Boncompagno da Signa"
"latinLit:stoa0060/latinLit:stoa020","Rota Veneris","latinLit:stoa0060","Boncompagno da Signa"
"latinLit:stoa0060/latinLit:stoa021","Tractatus virtutum","latinLit:stoa0060","Boncompagno da Signa"
"latinLit:stoa0061/latinLit:stoa001","Eclogae","latinLit:stoa0061","Boskovic, Bartolomej"
"latinLit:stoa0062/latinLit:stoa001","Cafraria","latinLit:stoa0062","Boym, Michel"
"latinLit:stoa0063/latinLit:stoa001","Facetiae","latinLit:stoa0063","Bracciolini, Poggio"
"latinLit:stoa0064/latinLit:stoa001","Miscellanea","latinLit:stoa0064","Bulteel, Gislain"
"latinLit:stoa0065/latinLit:stoa001","Philobiblon","latinLit:stoa0065","Bury, Ricardus de"
"latinLit:stoa0066/latinLit:stoa001","Quaestiones","latinLit:stoa0066","Caecilius Africanus"
"latinLit:stoa0067/latinLit:stoa001","De nugis philosophorum","latinLit:stoa0067","Caecilius Balbus"
"latinLit:stoa0068/latinLit:stoa001","Historicum fragmentum","latinLit:stoa0068","Caelestinus"
"latinLit:stoa0069/latinLit:stoa001","Commentarii de bello civili","latinLit:stoa0069","Caesar, Julius"
"latinLit:stoa0069/latinLit:stoa002","Commentarii de bello Gallico","latinLit:stoa0069","Caesar, Julius"
"latinLit:stoa0070/latinLit:stoa001","Commentarius de bello Africo","latinLit:stoa0070","[Caesar, Julius]"
"latinLit:stoa0070/latinLit:stoa002","Commentarius de bello Alexandrino","latinLit:stoa0070","[Caesar, Julius]"
"latinLit:stoa0070/latinLit:stoa003","Commentarius de bello Hispaniensi","latinLit:stoa0070","[Caesar, Julius]"
"latinLit:stoa0071/latinLit:stoa001","De metris fragmentum","latinLit:stoa0071","Caesius Bassus"
"latinLit:stoa0072/latinLit:stoa001","Declamationes","latinLit:stoa0072","Calpurnius Flaccus"
"latinLit:stoa0073/latinLit:stoa001","Bucolica","latinLit:stoa0073","Calpurnius Siculus"
"latinLit:stoa0074/latinLit:stoa001","Civitas Solis","latinLit:stoa0074","Campanella, Tommaso"
"latinLit:stoa0075/latinLit:stoa001","Ad Thamesin","latinLit:stoa0075","Campion, Thomas"
"latinLit:stoa0075/latinLit:stoa002","Carmina","latinLit:stoa0075","Campion, Thomas"
"latinLit:stoa0075/latinLit:stoa003","De Pulverea Coniuratione","latinLit:stoa0075","Campion, Thomas"
"latinLit:stoa0075/latinLit:stoa004","Elegiae","latinLit:stoa0075","Campion, Thomas"
"latinLit:stoa0075/latinLit:stoa005","Epigrammata","latinLit:stoa0075","Campion, Thomas"
"latinLit:stoa0075/latinLit:stoa006","Umbra","latinLit:stoa0075","Campion, Thomas"
"latinLit:stoa0076/latinLit:stoa001","De orthographia","latinLit:stoa0076","Caper, Flavius"
"latinLit:stoa0076/latinLit:stoa002","De verbis dubiis","latinLit:stoa0076","Caper, Flavius"
"latinLit:stoa0077/latinLit:stoa001","De Anima","latinLit:stoa0077","Cassiodorus"
"latinLit:stoa0077/latinLit:stoa002","Epistulae Theodericianae Variae","latinLit:stoa0077","Cassiodorus"
"latinLit:stoa0077/latinLit:stoa003","Institutiones","latinLit:stoa0077","Cassiodorus"
"latinLit:stoa0077/latinLit:stoa004","Orationum Reliquiae","latinLit:stoa0077","Cassiodorus"
"latinLit:stoa0077/latinLit:stoa005","Variae","latinLit:stoa0077","Cassiodorus"
"latinLit:stoa0078/latinLit:stoa001","Epistula ad Quintum Catulum","latinLit:stoa0078","Catiline"
"latinLit:stoa0079/latinLit:stoa001","De agri cultura","latinLit:stoa0079","Cato, Marcus Porcius"
"latinLit:stoa0079/latinLit:stoa002","Orationum fragmenta","latinLit:stoa0079","Cato, Marcus Porcius"
"latinLit:stoa0079/latinLit:stoa003","Origines","latinLit:stoa0079","Cato, Marcus Porcius"
"latinLit:stoa0080/latinLit:stoa001","Disticha","latinLit:stoa0080","[Cato, Marcus Porcius]"
"latinLit:stoa0080/latinLit:stoa002","Monosticha","latinLit:stoa0080","[Cato, Marcus Porcius]"
"latinLit:stoa0081/latinLit:stoa001","Carmina","latinLit:stoa0081","Catullus"
"latinLit:stoa0082/latinLit:stoa001","De medicina","latinLit:stoa0082","Celsus"
"latinLit:stoa0083/latinLit:stoa001","Oratio in Gymnasio in Ingelstadio Publice Recitata","latinLit:stoa0083","Celtis, Conradus"
"latinLit:stoa0084/latinLit:stoa001","De die natali","latinLit:stoa0084","Censorinus"
"latinLit:stoa0084/latinLit:stoa002","De metris fragmentum","latinLit:stoa0084","Censorinus"
"latinLit:stoa0084/latinLit:stoa003","De musica fragmentum","latinLit:stoa0084","Censorinus"
"latinLit:stoa0085/latinLit:stoa001","Epistulae","latinLit:stoa0085","Cereta, Laura"
"latinLit:stoa0086/latinLit:stoa001","Euripidis Cyclops","latinLit:stoa0086","Chrestien, Florent"
"latinLit:stoa0087/latinLit:stoa001","Academica posteriora","latinLit:stoa0087","Cicero"
"latinLit:stoa0087/latinLit:stoa002","Academica priora","latinLit:stoa0087","Cicero"
"latinLit:stoa0087/latinLit:stoa003","Arati phaenomena","latinLit:stoa0087","Cicero"
"latinLit:stoa0087/latinLit:stoa004","Arati prognostica","latinLit:stoa0087","Cicero"
"latinLit:stoa0087/latinLit:stoa005","Brutus","latinLit:stoa0087","Cicero"
"latinLit:stoa0087/latinLit:stoa006","Cato Maior de senectute","latinLit:stoa0087","Cicero"
"latinLit:stoa0087/latinLit:stoa007","De Consulatu Suo","latinLit:stoa0087","Cicero"
"latinLit:stoa0087/latinLit:stoa008","De Divinatione","latinLit:stoa0087","Cicero"
"latinLit:stoa0087/latinLit:stoa009","De Domo Sua","latinLit:stoa0087","Cicero"
"latinLit:stoa0087/latinLit:stoa010","De Fato","latinLit:stoa0087","Cicero"
"latinLit:stoa0087/latinLit:stoa011","De Finibus Bonorum et Malorum","latinLit:stoa0087","Cicero"
"latinLit:stoa0087/latinLit:stoa012","De Haruspicum Responsis","latinLit:stoa0087","Cicero"
"latinLit:stoa0087/latinLit:stoa013","De Imperio Cn. Pompei","latinLit:stoa0087","Cicero"
"latinLit:stoa0087/latinLit:stoa014","De Inventione","latinLit:stoa0087","Cicero"
"latinLit:stoa0087/latinLit:stoa015","De lege agraria contra Rullum","latinLit:stoa0087","Cicero"
"latinLit:stoa0087/latinLit:stoa016","De legibus","latinLit:stoa0087","Cicero"
"latinLit:stoa0087/latinLit:stoa017","De natura deorum","latinLit:stoa0087","Cicero"
"latinLit:stoa0087/latinLit:stoa018","De officiis","latinLit:stoa0087","Cicero"
"latinLit:stoa0087/latinLit:stoa019","De optimo genere oratorum","latinLit:stoa0087","Cicero"
"latinLit:stoa0087/latinLit:stoa020","De oratore","latinLit:stoa0087","Cicero"
"latinLit:stoa0087/latinLit:stoa021","De partitione oratoria","latinLit:stoa0087","Cicero"
"latinLit:stoa0087/latinLit:stoa022","De provinciis consularibus","latinLit:stoa0087","Cicero"
"latinLit:stoa0087/latinLit:stoa023","De re publica","latinLit:stoa0087","Cicero"
"latinLit:stoa0087/latinLit:stoa024","Epistulae ad Atticum","latinLit:stoa0087","Cicero"
"latinLit:stoa0087/latinLit:stoa025","Epistulae ad Brutum","latinLit:stoa0087","Cicero"
"latinLit:stoa0087/latinLit:stoa026","Epistulae ad familiares","latinLit:stoa0087","Cicero"
"latinLit:stoa0087/latinLit:stoa027","Epistulae ad Quintum fratrem","latinLit:stoa0087","Cicero"
"latinLit:stoa0087/latinLit:stoa028","In Caecilium","latinLit:stoa0087","Cicero"
"latinLit:stoa0087/latinLit:stoa029","In Catilinam","latinLit:stoa0087","Cicero"
"latinLit:stoa0087/latinLit:stoa030","In Pisonem","latinLit:stoa0087","Cicero"
"latinLit:stoa0087/latinLit:stoa031","In Vatinium","latinLit:stoa0087","Cicero"
"latinLit:stoa0087/latinLit:stoa032","In Verrem","latinLit:stoa0087","Cicero"
"latinLit:stoa0087/latinLit:stoa033","Laelius de amicitia","latinLit:stoa0087","Cicero"
"latinLit:stoa0087/latinLit:stoa034","Orator","latinLit:stoa0087","Cicero"
"latinLit:stoa0087/latinLit:stoa035","Paradoxa Stoicorum","latinLit:stoa0087","Cicero"
"latinLit:stoa0087/latinLit:stoa036","Philippicae","latinLit:stoa0087","Cicero"
"latinLit:stoa0087/latinLit:stoa037","Post reditum ad Quirites","latinLit:stoa0087","Cicero"
"latinLit:stoa0087/latinLit:stoa038","Post reditum in senatu","latinLit:stoa0087","Cicero"
"latinLit:stoa0087/latinLit:stoa039","Pro Archia","latinLit:stoa0087","Cicero"
"latinLit:stoa0087/latinLit:stoa040","Pro Balbo","latinLit:stoa0087","Cicero"
"latinLit:stoa0087/latinLit:stoa041","Pro Caecina","latinLit:stoa0087","Cicero"
"latinLit:stoa0087/latinLit:stoa042","Pro Caelio","latinLit:stoa0087","Cicero"
"latinLit:stoa0087/latinLit:stoa043","Pro Cluentio","latinLit:stoa0087","Cicero"
"latinLit:stoa0087/latinLit:stoa044","Pro Deiotaro","latinLit:stoa0087","Cicero"
"latinLit:stoa0087/latinLit:stoa045","Pro Flacco","latinLit:stoa0087","Cicero"
"latinLit:stoa0087/latinLit:stoa046","Pro Fonteio","latinLit:stoa0087","Cicero"
"latinLit:stoa0087/latinLit:stoa047","","latinLit:stoa0087","Cicero"
"latinLit:stoa0087/latinLit:stoa048","Pro Marcello","latinLit:stoa0087","Cicero"
"latinLit:stoa0087/latinLit:stoa049","Pro Milone","latinLit:stoa0087","Cicero"
"latinLit:stoa0087/latinLit:stoa050","Pro Murena","latinLit:stoa0087","Cicero"
"latinLit:stoa0087/latinLit:stoa051","Pro Plancio","latinLit:stoa0087","Cicero"
"latinLit:stoa0087/latinLit:stoa052","Pro Quinctio","latinLit:stoa0087","Cicero"
"latinLit:stoa0087/latinLit:stoa053","Pro Rabirio Perduellionis Reo","latinLit:stoa0087","Cicero"
"latinLit:stoa0087/latinLit:stoa054","Pro Rabirio Postumo","latinLit:stoa0087","Cicero"
"latinLit:stoa0087/latinLit:stoa055","Pro Roscio Comoedo","latinLit:stoa0087","Cicero"
"latinLit:stoa0087/latinLit:stoa056","Pro Roscio Amerino","latinLit:stoa0087","Cicero"
"latinLit:stoa0087/latinLit:stoa057","Pro Scauro","latinLit:stoa0087","Cicero"
"latinLit:stoa0087/latinLit:stoa058","Pro Sestio","latinLit:stoa0087","Cicero"
"latinLit:stoa0087/latinLit:stoa059","Pro Sulla","latinLit:stoa0087","Cicero"
"latinLit:stoa0087/latinLit:stoa060","Pro M. Tullio","latinLit:stoa0087","Cicero"
"latinLit:stoa0087/latinLit:stoa061","Timaeus","latinLit:stoa0087","Cicero"
"latinLit:stoa0087/latinLit:stoa062","Topica","latinLit:stoa0087","Cicero"
"latinLit:stoa0087/latinLit:stoa063","Tusculanae Disputationes","latinLit:stoa0087","Cicero"
"latinLit:stoa0088/latinLit:stoa001","Commentariolum Petitionis","latinLit:stoa0088","Cicero, Quintus"
"latinLit:stoa0089/latinLit:stoa001","Carmina minora","latinLit:stoa0089","Claudian"
"latinLit:stoa0089/latinLit:stoa002","De bello Gildonico","latinLit:stoa0089","Claudian"
"latinLit:stoa0089/latinLit:stoa003","De bello Pollentino sive Getico","latinLit:stoa0089","Claudian"
"latinLit:stoa0089/latinLit:stoa004","De consulatu Stilichonis","latinLit:stoa0089","Claudian"
"latinLit:stoa0089/latinLit:stoa005","De raptu Proserpinae","latinLit:stoa0089","Claudian"
"latinLit:stoa0089/latinLit:stoa006","Epithalamium de nuptiis Honorii Augusti","latinLit:stoa0089","Claudian"
"latinLit:stoa0089/latinLit:stoa007","Fescennina de nuptiis Honorii Augusti","latinLit:stoa0089","Claudian"
"latinLit:stoa0089/latinLit:stoa008","In Eutropium","latinLit:stoa0089","Claudian"
"latinLit:stoa0089/latinLit:stoa009","In Rufinum","latinLit:stoa0089","Claudian"
"latinLit:stoa0089/latinLit:stoa010","Panegyricus de tertio consulatu Honorii Augusti","latinLit:stoa0089","Claudian"
"latinLit:stoa0089/latinLit:stoa011","Panegyricus de quarto consulatu Honorii Augusti","latinLit:stoa0089","Claudian"
"latinLit:stoa0089/latinLit:stoa012","Panegyricus de sexto consulatu Honorii Augusti","latinLit:stoa0089","Claudian"
"latinLit:stoa0089/latinLit:stoa013","Panegyricus dictus Manlio Theodoro consuli","latinLit:stoa0089","Claudian"
"latinLit:stoa0089/latinLit:stoa014","Panegyricus dictus Probino et Olybrio consulibus","latinLit:stoa0089","Claudian"
"latinLit:stoa0090/latinLit:stoa001","Oratio","latinLit:stoa0090","Claudius"
"latinLit:stoa0091/latinLit:stoa001","Sententiarum fragmenta","latinLit:stoa0091","Claudius Caecus, Appius"
"latinLit:stoa0092/latinLit:stoa001","Epistula I ad Corinthios","latinLit:stoa0092","Clement of Rome"
"latinLit:stoa0093/latinLit:stoa001","Versus in Colmanum Perheriles Scottigena Ficti Patrie Cupidum et Remeantem","latinLit:stoa0093","Colman of Lindisfarne"
"latinLit:stoa0094/latinLit:stoa001","De Arboribus","latinLit:stoa0094","Columella"
"latinLit:stoa0094/latinLit:stoa002","De re rustica","latinLit:stoa0094","Columella"
"latinLit:stoa0095/latinLit:stoa001","Orbis Sensualium Pictus","latinLit:stoa0095","Comenius, Johannes"
"latinLit:stoa0096/latinLit:stoa001","De duobus populis","latinLit:stoa0096","Commodianus"
"latinLit:stoa0096/latinLit:stoa002","De saeculi istius fine","latinLit:stoa0096","Commodianus"
"latinLit:stoa0096/latinLit:stoa003","Instructiones","latinLit:stoa0096","Commodianus"
"latinLit:stoa0097/latinLit:stoa001","Epistula ad Baldericum","latinLit:stoa0097","Constantia"
"latinLit:stoa0098/latinLit:stoa001","Edictum Mediolani","latinLit:stoa0098","Constantine"
"latinLit:stoa0098/latinLit:stoa002","Epistulae ad Anulinum","latinLit:stoa0098","Constantine"
"latinLit:stoa0098/latinLit:stoa003","Epistula ad Caecilianum","latinLit:stoa0098","Constantine"
"latinLit:stoa0098/latinLit:stoa004","Epistula ad Chrestum","latinLit:stoa0098","Constantine"
"latinLit:stoa0098/latinLit:stoa005","Epistula ad Miltiadem et ad Marcum","latinLit:stoa0098","Constantine"
"latinLit:stoa0098/latinLit:stoa006","Epistula ad omnes qui ab consilio aberat","latinLit:stoa0098","Constantine"
"latinLit:stoa0098/latinLit:stoa007","Epistula de iure civitatis Orcistenorum","latinLit:stoa0098","Constantine"
"latinLit:stoa0099/latinLit:stoa001","Epistula ad filium Gaium","latinLit:stoa0099","Cornelia"
"latinLit:stoa0100/latinLit:stoa001","Elegiae sive Amores","latinLit:stoa0100","Cornelius Gallus"
"latinLit:stoa0100/latinLit:stoa002","Inscriptio in insula Philis reperta","latinLit:stoa0100","Cornelius Gallus"
"latinLit:stoa0101/latinLit:stoa001","Fragmenta","latinLit:stoa0101","Cornelius Severus"
"latinLit:stoa0102/latinLit:stoa001","Ad Famam","latinLit:stoa0102","Corvinus, Laurentius"
"latinLit:stoa0102/latinLit:stoa002","Polish","latinLit:stoa0102","Corvinus, Laurentius"
"latinLit:stoa0102/latinLit:stoa003","Epithalamium","latinLit:stoa0102","Corvinus, Laurentius"
"latinLit:stoa0103/latinLit:stoa001","Carmina","latinLit:stoa0103","Cotta, Giovanni"
"latinLit:stoa0104/latinLit:stoa001","Historiae Alexandri Magni Macedonis","latinLit:stoa0104","Curtius Rufus, Quintus"
"latinLit:stoa0105/latinLit:stoa001","Epigrammata","latinLit:stoa0105","Damasus"
"latinLit:stoa0106/latinLit:stoa001","De Vulgari Eloquentia","latinLit:stoa0106","Dante"
"latinLit:stoa0106/latinLit:stoa002","Ecloga","latinLit:stoa0106","Dante"
"latinLit:stoa0106/latinLit:stoa003","Epistolae","latinLit:stoa0106","Dante"
"latinLit:stoa0106/latinLit:stoa004","Monarchia","latinLit:stoa0106","Dante"
"latinLit:stoa0107/latinLit:stoa001","De Excidio Troiae","latinLit:stoa0107","Dares Phrygius"
"latinLit:stoa0108/latinLit:stoa001","Meditationes","latinLit:stoa0108","Descartes"
"latinLit:stoa0109/latinLit:stoa001","Cn. Domitius Ahenobarbus & L. Licinius Crassus","latinLit:stoa0109",""
"latinLit:stoa0109/latinLit:stoa002","Edictum adversus Latinos rhetores","latinLit:stoa0109",""
"latinLit:stoa0110/latinLit:stoa001","Ars Minor","latinLit:stoa0110","Donatus"
"latinLit:stoa0110/latinLit:stoa002","Commentarii Vergiliani","latinLit:stoa0110","Donatus"
"latinLit:stoa0110/latinLit:stoa003","De Barbarismo","latinLit:stoa0110","Donatus"
"latinLit:stoa0110/latinLit:stoa004","De Ceteris Vitiis","latinLit:stoa0110","Donatus"
"latinLit:stoa0110/latinLit:stoa005","De Metaplasmo","latinLit:stoa0110","Donatus"
"latinLit:stoa0110/latinLit:stoa006","De Schematibus","latinLit:stoa0110","Donatus"
"latinLit:stoa0110/latinLit:stoa007","De Solecismo","latinLit:stoa0110","Donatus"
"latinLit:stoa0110/latinLit:stoa008","De Tropis","latinLit:stoa0110","Donatus"
"latinLit:stoa0111/latinLit:stoa001","Itinerarium","latinLit:stoa0111","Egeria"
"latinLit:stoa0112/latinLit:stoa001","Vita Karoli Magni","latinLit:stoa0112","Einhard"
"latinLit:stoa0113/latinLit:stoa001","Waltharius","latinLit:stoa0113","Ekkehardus"
"latinLit:stoa0114/latinLit:stoa001","Annales","latinLit:stoa0114","Ennius"
"latinLit:stoa0114/latinLit:stoa002","Fabulae Palliatae","latinLit:stoa0114","Ennius"
"latinLit:stoa0115/latinLit:stoa001","Ciceronianus","latinLit:stoa0115","Erasmus"
"latinLit:stoa0115/latinLit:stoa002","Colloquia familiaria","latinLit:stoa0115","Erasmus"
"latinLit:stoa0115/latinLit:stoa003","Enchiridion militis christiani","latinLit:stoa0115","Erasmus"
"latinLit:stoa0115/latinLit:stoa004","Epistula ad Dorpium","latinLit:stoa0115","Erasmus"
"latinLit:stoa0115/latinLit:stoa005","Institutio principis christiani","latinLit:stoa0115","Erasmus"
"latinLit:stoa0115/latinLit:stoa006","Moriae encomium","latinLit:stoa0115","Erasmus"
"latinLit:stoa0115/latinLit:stoa007","Querela pacis","latinLit:stoa0115","Erasmus"
"latinLit:stoa0116/latinLit:stoa001","Historia xml:langobardorum Beneventanorum","latinLit:stoa0116","Erchempertus"
"latinLit:stoa0117/latinLit:stoa001","De laude eremi","latinLit:stoa0117","Eucherius"
"latinLit:stoa0118/latinLit:stoa001","Metrum Parhemiacum Tragicum","latinLit:stoa0118","Eugenius Vulgarius"
"latinLit:stoa0119/latinLit:stoa001","Vita Sancti Severini","latinLit:stoa0119","Eugippius"
"latinLit:stoa0120/latinLit:stoa001","Theoria Motus Lunae","latinLit:stoa0120","Euler, Leonhard"
"latinLit:stoa0121/latinLit:stoa001","Breviarium ab urbe condita","latinLit:stoa0121","Eutropius"
"latinLit:stoa0122/latinLit:stoa001","Amatores","latinLit:stoa0122","Ficino, Marsilio"
"latinLit:stoa0122/latinLit:stoa002","Axiochus de Morte","latinLit:stoa0122","Ficino, Marsilio"
"latinLit:stoa0122/latinLit:stoa003","Clitophon","latinLit:stoa0122","Ficino, Marsilio"
"latinLit:stoa0122/latinLit:stoa004","De iusto","latinLit:stoa0122","Ficino, Marsilio"
"latinLit:stoa0122/latinLit:stoa005","De virtute","latinLit:stoa0122","Ficino, Marsilio"
"latinLit:stoa0122/latinLit:stoa006","Demodocus","latinLit:stoa0122","Ficino, Marsilio"
"latinLit:stoa0122/latinLit:stoa007","Eryxias","latinLit:stoa0122","Ficino, Marsilio"
"latinLit:stoa0122/latinLit:stoa008","Halcyon","latinLit:stoa0122","Ficino, Marsilio"
"latinLit:stoa0122/latinLit:stoa009","Hipparchus","latinLit:stoa0122","Ficino, Marsilio"
"latinLit:stoa0122/latinLit:stoa010","Minos","latinLit:stoa0122","Ficino, Marsilio"
"latinLit:stoa0122/latinLit:stoa011","Sisyphus","latinLit:stoa0122","Ficino, Marsilio"
"latinLit:stoa0122/latinLit:stoa012","Theages","latinLit:stoa0122","Ficino, Marsilio"
"latinLit:stoa0123/latinLit:stoa001","Locustae","latinLit:stoa0123","Fletcher, Phineas"
"latinLit:stoa0124/latinLit:stoa001","Carmina","latinLit:stoa0124","Florus"
"latinLit:stoa0124/latinLit:stoa002","Epitome de T. Livio","latinLit:stoa0124","Florus"
"latinLit:stoa0124/latinLit:stoa003","Vergilius Orator an Poeta","latinLit:stoa0124","Florus"
"latinLit:stoa0125/latinLit:stoa001","Pedantius","latinLit:stoa0125","Forsett, Edward"
"latinLit:stoa0126/latinLit:stoa001","Carmina","latinLit:stoa0126","Fortunatus, Venantius"
"latinLit:stoa0127/latinLit:stoa001","De agrorum qualitate","latinLit:stoa0127","Frontinus"
"latinLit:stoa0127/latinLit:stoa002","De aquis urbis Romae","latinLit:stoa0127","Frontinus"
"latinLit:stoa0127/latinLit:stoa003","De arte mensoria","latinLit:stoa0127","Frontinus"
"latinLit:stoa0127/latinLit:stoa004","De controversiis","latinLit:stoa0127","Frontinus"
"latinLit:stoa0127/latinLit:stoa005","De limitibus","latinLit:stoa0127","Frontinus"
"latinLit:stoa0127/latinLit:stoa006","Strategemata","latinLit:stoa0127","Frontinus"
"latinLit:stoa0128/latinLit:stoa001","De aetatibus mundi et hominis","latinLit:stoa0128","Fulgentius"
"latinLit:stoa0128/latinLit:stoa002","Expositio sermonum antiquorum","latinLit:stoa0128","Fulgentius"
"latinLit:stoa0128/latinLit:stoa003","Expositio Virgilianae","latinLit:stoa0128","Fulgentius"
"latinLit:stoa0128/latinLit:stoa004","Mitologiae","latinLit:stoa0128","Fulgentius"
"latinLit:stoa0129/latinLit:stoa001","Institutiones","latinLit:stoa0129","Gaius"
"latinLit:stoa0130/latinLit:stoa001","Edictum Tolerationis","latinLit:stoa0130","Galerius"
"latinLit:stoa0131/latinLit:stoa001","Sidereus Nuncius","latinLit:stoa0131","Galileo"
"latinLit:stoa0132/latinLit:stoa001","Curae boum","latinLit:stoa0132","Gargilius Martialis"
"latinLit:stoa0132/latinLit:stoa002","De arboribus pomiferis","latinLit:stoa0132","Gargilius Martialis"
"latinLit:stoa0132/latinLit:stoa003","De medicina ex pomis","latinLit:stoa0132","Gargilius Martialis"
"latinLit:stoa0132/latinLit:stoa004","Vita Alexandri Severi","latinLit:stoa0132","Gargilius Martialis"
"latinLit:stoa0132/latinLit:stoa005","Fragmentum incertum","latinLit:stoa0132","Gargilius Martialis"
"latinLit:stoa0133/latinLit:stoa001","Pro insipiente","latinLit:stoa0133","Gaunilo"
"latinLit:stoa0134/latinLit:stoa001","Noctes Atticae","latinLit:stoa0134","Gellius, Aulus"
"latinLit:stoa0135/latinLit:stoa001","Nereus","latinLit:stoa0135","Gentili, Scipio"
"latinLit:stoa0135/latinLit:stoa002","Paraphrases Psalmorum","latinLit:stoa0135","Gentili, Scipio"
"latinLit:stoa0136/latinLit:stoa001","Aratea","latinLit:stoa0136","Germanicus"
"latinLit:stoa0136/latinLit:stoa002","Fragmenta","latinLit:stoa0136","Germanicus"
"latinLit:stoa0137/latinLit:stoa001","Godfrey of Winchester","latinLit:stoa0137",""
"latinLit:stoa0137/latinLit:stoa002","Epigrammata","latinLit:stoa0137",""
"latinLit:stoa0138/latinLit:stoa001","Godfrey of Winchester","latinLit:stoa0138",""
"latinLit:stoa0138/latinLit:stoa002","Epigrammata Historica","latinLit:stoa0138",""
"latinLit:stoa0139/latinLit:stoa001","Cynegetica","latinLit:stoa0139","Grattius"
"latinLit:stoa0140/latinLit:stoa001","Epistulae","latinLit:stoa0140","Gregory the Great"
"latinLit:stoa0141/latinLit:stoa001","Decretalium Compilatio","latinLit:stoa0141","Gregory IX"
"latinLit:stoa0141/latinLit:stoa002","Epistula","latinLit:stoa0141","Gregory IX"
"latinLit:stoa0142/latinLit:stoa001","Inter Gravissimas","latinLit:stoa0142","Gregory XIII"
"latinLit:stoa0143/latinLit:stoa001","Historiae","latinLit:stoa0143","Gregory of Tours"
"latinLit:stoa0144/latinLit:stoa001","Nero","latinLit:stoa0144","Gwinne, Matthew"
"latinLit:stoa0144/latinLit:stoa002","Tres Sibyllae","latinLit:stoa0144","Gwinne, Matthew"
"latinLit:stoa0145/latinLit:stoa001","Carmina","latinLit:stoa0145","Hadrian"
"latinLit:stoa0146/latinLit:stoa001","In viri praestantissimi Isaaci Newtoni opus","latinLit:stoa0146","Halley, Edmond"
"latinLit:stoa0147/latinLit:stoa001","Epistula ad Abaelardum I","latinLit:stoa0147","Heloise"
"latinLit:stoa0148/latinLit:stoa001","Epistulae","latinLit:stoa0148","Henry VII"
"latinLit:stoa0149/latinLit:stoa001","Elegia","latinLit:stoa0149","Henry of Settimello"
"latinLit:stoa0150/latinLit:stoa001","Commentarius de bello Alexandrino","latinLit:stoa0150","Hirtius, Aulus"
"latinLit:stoa0150/latinLit:stoa002","De bello Gallico liber VIII","latinLit:stoa0150","Hirtius, Aulus"
"latinLit:stoa0151/latinLit:stoa001","Nicolai Klimii Iter Subterraneum","latinLit:stoa0151","Holberg, Ludvig"
"latinLit:stoa0151/latinLit:stoa002","Danish","latinLit:stoa0151","Holberg, Ludvig"
"latinLit:stoa0152/latinLit:stoa001","Ars Poetica","latinLit:stoa0152","Horace"
"latinLit:stoa0152/latinLit:stoa002","Carmen Saeculare","latinLit:stoa0152","Horace"
"latinLit:stoa0152/latinLit:stoa003","Carmina","latinLit:stoa0152","Horace"
"latinLit:stoa0152/latinLit:stoa004","Epistulae","latinLit:stoa0152","Horace"
"latinLit:stoa0152/latinLit:stoa005","Epodes","latinLit:stoa0152","Horace"
"latinLit:stoa0152/latinLit:stoa006","Sermones","latinLit:stoa0152","Horace"
"latinLit:stoa0153/latinLit:stoa001","Carmina","latinLit:stoa0153","Hugo Aurelianensis"
"latinLit:stoa0154/latinLit:stoa001","Didascalicon","latinLit:stoa0154","Hugo of St. Victor"
"latinLit:stoa0154/latinLit:stoa002","Soliloquium de Arrha Animae","latinLit:stoa0154","Hugo of St. Victor"
"latinLit:stoa0155/latinLit:stoa001","De astronomia","latinLit:stoa0155","Hyginus"
"latinLit:stoa0155/latinLit:stoa002","Fabulae","latinLit:stoa0155","Hyginus"
"latinLit:stoa0156/latinLit:stoa001","Constitutio <limitum>","latinLit:stoa0156","Hyginus Gromaticus"
"latinLit:stoa0156/latinLit:stoa002","De condicionibus agrorum","latinLit:stoa0156","Hyginus Gromaticus"
"latinLit:stoa0156/latinLit:stoa003","De generibus controversiarum","latinLit:stoa0156","Hyginus Gromaticus"
"latinLit:stoa0156/latinLit:stoa004","De limitibus","latinLit:stoa0156","Hyginus Gromaticus"
"latinLit:stoa0156/latinLit:stoa005","De munitionibus castrorum","latinLit:stoa0156","Hyginus Gromaticus"
"latinLit:stoa0157/latinLit:stoa001","Anima Christi","latinLit:stoa0157","Ignatius Loyola"
"latinLit:stoa0158/latinLit:stoa001","De miseria condicionis humane","latinLit:stoa0158","Innocent III"
"latinLit:stoa0159/latinLit:stoa001","Chronica maiora","latinLit:stoa0159","Isidore of Seville"
"latinLit:stoa0159/latinLit:stoa002","De natura rerum","latinLit:stoa0159","Isidore of Seville"
"latinLit:stoa0159/latinLit:stoa003","Historia de regibus Gothorum, Vandalorum et Suevorum","latinLit:stoa0159","Isidore of Seville"
"latinLit:stoa0159/latinLit:stoa004","Origines seu Etymologiae","latinLit:stoa0159","Isidore of Seville"
"latinLit:stoa0159/latinLit:stoa005","Sententiae","latinLit:stoa0159","Isidore of Seville"
"latinLit:stoa0160/latinLit:stoa001","Legenda Aurea","latinLit:stoa0160","Jacopo de Voragine"
"latinLit:stoa0161/latinLit:stoa001","Basia","latinLit:stoa0161","Janus Secundus"
"latinLit:stoa0161/latinLit:stoa002","Epithalamium","latinLit:stoa0161","Janus Secundus"
"latinLit:stoa0162/latinLit:stoa001","Biblia Sacra Vulgata","latinLit:stoa0162","Jerome"
"latinLit:stoa0162/latinLit:stoa002","Commentarii in Danielem","latinLit:stoa0162","Jerome"
"latinLit:stoa0162/latinLit:stoa003","De viris inlustribus","latinLit:stoa0162","Jerome"
"latinLit:stoa0162/latinLit:stoa004","Epistulae","latinLit:stoa0162","Jerome"
"latinLit:stoa0163/latinLit:stoa001","Getica","latinLit:stoa0163","Jordanes"
"latinLit:stoa0164/latinLit:stoa001","De thesauro et fure astuto","latinLit:stoa0164","Johannes de Alta Silva"
"latinLit:stoa0165/latinLit:stoa001","Phrygii Daretis Ilias","latinLit:stoa0165","Joseph of Exeter"
"latinLit:stoa0166/latinLit:stoa001","Instituta Regularia Divinae Legis","latinLit:stoa0166","Junillus"
"latinLit:stoa0167/latinLit:stoa001","Epitome Historiarum Philippicarum","latinLit:stoa0167","Justin"
"latinLit:stoa0168/latinLit:stoa001","Corpus Iuris Civilis","latinLit:stoa0168","Justinian"
"latinLit:stoa0169/latinLit:stoa001","Saturae","latinLit:stoa0169","Juvenal"
"latinLit:stoa0170/latinLit:stoa001","Kramer, Heinrich","latinLit:stoa0170",""
"latinLit:stoa0170/latinLit:stoa002","Malleus maleficarum","latinLit:stoa0170",""
"latinLit:stoa0171/latinLit:stoa001","De ave phoenice","latinLit:stoa0171","Lactantius"
"latinLit:stoa0171/latinLit:stoa002","De Mortibus Persecutorum","latinLit:stoa0171","Lactantius"
"latinLit:stoa0172/latinLit:stoa001","Carmina","latinLit:stoa0172","Landor, W.S."
"latinLit:stoa0173/latinLit:stoa001","Historia de preliis Alexandri Magni","latinLit:stoa0173","Leo Archipresbyter"
"latinLit:stoa0174/latinLit:stoa001","De viris illustribus urbis Romae","latinLit:stoa0174","L'Homond"
"latinLit:stoa0174/latinLit:stoa002","Epitome historiae sacrae","latinLit:stoa0174","L'Homond"
"latinLit:stoa0175/latinLit:stoa001","Neaera","latinLit:stoa0175","Licinius Imbrex"
"latinLit:stoa0176/latinLit:stoa001","Species Plantarum","latinLit:stoa0176","Linnaeus, Carolus"
"latinLit:stoa0177/latinLit:stoa001","De recta pronuntiatione Latinae linguae dialogus","latinLit:stoa0177","Lipsius, Justus"
"latinLit:stoa0178/latinLit:stoa001","Fabulae Palliatae","latinLit:stoa0178","Livius Andronicus"
"latinLit:stoa0178/latinLit:stoa002","Hymni","latinLit:stoa0178","Livius Andronicus"
"latinLit:stoa0178/latinLit:stoa003","Odissia","latinLit:stoa0178","Livius Andronicus"
"latinLit:stoa0178/latinLit:stoa004","Tragoediae","latinLit:stoa0178","Livius Andronicus"
"latinLit:stoa0179/latinLit:stoa001","Ab Urbe Condita and here","latinLit:stoa0179","Livy"
"latinLit:stoa0179/latinLit:stoa002","Periochae","latinLit:stoa0179","Livy"
"latinLit:stoa0180/latinLit:stoa001","Catachthonion","latinLit:stoa0180","Lucan"
"latinLit:stoa0180/latinLit:stoa002","Epigrammata","latinLit:stoa0180","Lucan"
"latinLit:stoa0180/latinLit:stoa003","Iliacon","latinLit:stoa0180","Lucan"
"latinLit:stoa0180/latinLit:stoa004","Orpheus","latinLit:stoa0180","Lucan"
"latinLit:stoa0180/latinLit:stoa005","Pharsalia","latinLit:stoa0180","Lucan"
"latinLit:stoa0181/latinLit:stoa001","De rerum natura","latinLit:stoa0181","Lucretius"
"latinLit:stoa0182/latinLit:stoa001","Disputatio pro declaratione virtutis indulgentiarum","latinLit:stoa0182","Luther, Martin"
"latinLit:stoa0182/latinLit:stoa002","Epistula ad Erasmum","latinLit:stoa0182","Luther, Martin"
"latinLit:stoa0182/latinLit:stoa003","Praefatio in opera Latina","latinLit:stoa0182","Luther, Martin"
"latinLit:stoa0183/latinLit:stoa001","Elegiae","latinLit:stoa0183","Lygdamus"
"latinLit:stoa0184/latinLit:stoa001","Apophthegmata","latinLit:stoa0184","Macarius Aegyptius"
"latinLit:stoa0185/latinLit:stoa001","Regula ad monachos","latinLit:stoa0185","Macarius Alexandrinus"
"latinLit:stoa0186/latinLit:stoa001","Saturnalia","latinLit:stoa0186","Macrobius"
"latinLit:stoa0187/latinLit:stoa001","Aluta","latinLit:stoa0187","Macropedius"
"latinLit:stoa0187/latinLit:stoa002","Andrisca","latinLit:stoa0187","Macropedius"
"latinLit:stoa0187/latinLit:stoa003","Epistola ad Cornelium Valerium","latinLit:stoa0187","Macropedius"
"latinLit:stoa0187/latinLit:stoa004","Hecastus","latinLit:stoa0187","Macropedius"
"latinLit:stoa0188/latinLit:stoa001","Astronomica","latinLit:stoa0188","Manilius"
"latinLit:stoa0189/latinLit:stoa001","De ornamentis verborum","latinLit:stoa0189","Marbodus Redonensis"
"latinLit:stoa0190/latinLit:stoa001","Chronicon","latinLit:stoa0190","Marcellinus Comes"
"latinLit:stoa0191/latinLit:stoa001","Praecepta","latinLit:stoa0191","Marcius Vates"
"latinLit:stoa0192/latinLit:stoa001","Apophoreta","latinLit:stoa0192","Martial"
"latinLit:stoa0192/latinLit:stoa002","Epigrammata","latinLit:stoa0192","Martial"
"latinLit:stoa0192/latinLit:stoa003","Liber de Spectaculis","latinLit:stoa0192","Martial"
"latinLit:stoa0192/latinLit:stoa004","Xenia","latinLit:stoa0192","Martial"
"latinLit:stoa0193/latinLit:stoa001","Capitula ex orientalium Patrum synodis","latinLit:stoa0193","Martinus Bracarensis"
"latinLit:stoa0193/latinLit:stoa002","Concilium Bracarense primum","latinLit:stoa0193","Martinus Bracarensis"
"latinLit:stoa0193/latinLit:stoa003","Concilium Bracarense secundum","latinLit:stoa0193","Martinus Bracarensis"
"latinLit:stoa0193/latinLit:stoa004","De correctione rusticorum","latinLit:stoa0193","Martinus Bracarensis"
"latinLit:stoa0193/latinLit:stoa005","De ira","latinLit:stoa0193","Martinus Bracarensis"
"latinLit:stoa0193/latinLit:stoa006","De Pascha","latinLit:stoa0193","Martinus Bracarensis"
"latinLit:stoa0193/latinLit:stoa007","De repellenda iactantia","latinLit:stoa0193","Martinus Bracarensis"
"latinLit:stoa0193/latinLit:stoa008","De superbia","latinLit:stoa0193","Martinus Bracarensis"
"latinLit:stoa0193/latinLit:stoa009","De trina mersione","latinLit:stoa0193","Martinus Bracarensis"
"latinLit:stoa0193/latinLit:stoa010","Epitaphium","latinLit:stoa0193","Martinus Bracarensis"
"latinLit:stoa0193/latinLit:stoa011","Exhortatio humilitatis","latinLit:stoa0193","Martinus Bracarensis"
"latinLit:stoa0193/latinLit:stoa012","Formula honestae vitae","latinLit:stoa0193","Martinus Bracarensis"
"latinLit:stoa0193/latinLit:stoa013","Inscriptiones in basilica et in refectorio","latinLit:stoa0193","Martinus Bracarensis"
"latinLit:stoa0193/latinLit:stoa014","Sententiae Patrum Aegyptiorum","latinLit:stoa0193","Martinus Bracarensis"
"latinLit:stoa0194/latinLit:stoa001","Epigrammata","latinLit:stoa0194","Marullo"
"latinLit:stoa0195/latinLit:stoa001","An principatus Augusti merito inter felicioresreipublicae Romanae aetates numeretur?","latinLit:stoa0195","Marx, Karl"
"latinLit:stoa0195/latinLit:stoa002","De Hemsterhusii moribus","latinLit:stoa0195","Marx, Karl"
"latinLit:stoa0196/latinLit:stoa001","Elegiae","latinLit:stoa0196","Maximianus Etruscus"
"latinLit:stoa0197/latinLit:stoa001","Supplementum Lucani","latinLit:stoa0197","May, Thomas"
"latinLit:stoa0198/latinLit:stoa001","Martyrium Ricardi Archiepiscopi","latinLit:stoa0198","Maydeston, Clement"
"latinLit:stoa0200/latinLit:stoa001","De chorographia","latinLit:stoa0200","Mela, Pomponius"
"latinLit:stoa0201/latinLit:stoa001","Confessio Augustana","latinLit:stoa0201","Melanchthon, Philipp"
"latinLit:stoa0201/latinLit:stoa002","De Laude Vitae Scholasticae Oratio","latinLit:stoa0201","Melanchthon, Philipp"
"latinLit:stoa0201/latinLit:stoa003","De Obitu Martini Lutheri","latinLit:stoa0201","Melanchthon, Philipp"
"latinLit:stoa0201/latinLit:stoa004","Historia de Vita et Actis Lutheri","latinLit:stoa0201","Melanchthon, Philipp"
"latinLit:stoa0202/latinLit:stoa001","In Quintum Novembris","latinLit:stoa0202","Milton, John"
"latinLit:stoa0203/latinLit:stoa001","Octavius","latinLit:stoa0203","Minucius Felix"
"latinLit:stoa0204/latinLit:stoa001","Utopia","latinLit:stoa0204","More, Thomas"
"latinLit:stoa0205/latinLit:stoa001","Iulius Caesar","latinLit:stoa0205","Muret, Marc-Antoine"
"latinLit:stoa0206/latinLit:stoa001","Bellum Poenicum","latinLit:stoa0206","Naevius, Gnaeus"
"latinLit:stoa0206/latinLit:stoa002","Fabulae Cothurnatae","latinLit:stoa0206","Naevius, Gnaeus"
"latinLit:stoa0206/latinLit:stoa003","Fabulae Palliatae et Togatae","latinLit:stoa0206","Naevius, Gnaeus"
"latinLit:stoa0206/latinLit:stoa004","Fabulae Praetextae","latinLit:stoa0206","Naevius, Gnaeus"
"latinLit:stoa0206/latinLit:stoa005","Satura","latinLit:stoa0206","Naevius, Gnaeus"
"latinLit:stoa0207/latinLit:stoa001","Pammachius","latinLit:stoa0207","Naogeorgus, Thomas"
"latinLit:stoa0208/latinLit:stoa001","Lusus","latinLit:stoa0208","Navagero, Andreas"
"latinLit:stoa0209/latinLit:stoa001","Eclogae","latinLit:stoa0209","Nemesianus"
"latinLit:stoa0210/latinLit:stoa001","Chronica","latinLit:stoa0210","Nepos, Cornelius"
"latinLit:stoa0210/latinLit:stoa002","De chorographia","latinLit:stoa0210","Nepos, Cornelius"
"latinLit:stoa0210/latinLit:stoa003","De viris illustribus","latinLit:stoa0210","Nepos, Cornelius"
"latinLit:stoa0210/latinLit:stoa004","Epistula ad Ciceronem","latinLit:stoa0210","Nepos, Cornelius"
"latinLit:stoa0210/latinLit:stoa005","Exempla","latinLit:stoa0210","Nepos, Cornelius"
"latinLit:stoa0211/latinLit:stoa001","Principia","latinLit:stoa0211","Newton, Isaac"
"latinLit:stoa0212/latinLit:stoa001","Autobiographia","latinLit:stoa0212","Nicholas of Cusa"
"latinLit:stoa0212/latinLit:stoa002","Commentatio de notione creandi","latinLit:stoa0212","Nicholas of Cusa"
"latinLit:stoa0212/latinLit:stoa003","De apice theoriae","latinLit:stoa0212","Nicholas of Cusa"
"latinLit:stoa0212/latinLit:stoa004","De deo abscondito","latinLit:stoa0212","Nicholas of Cusa"
"latinLit:stoa0212/latinLit:stoa005","De mathematica perfectione","latinLit:stoa0212","Nicholas of Cusa"
"latinLit:stoa0212/latinLit:stoa006","Ubi est qui natus est rex Iudaeorum?","latinLit:stoa0212","Nicholas of Cusa"
"latinLit:stoa0213/latinLit:stoa001","Historiae","latinLit:stoa0213","Nithardus"
"latinLit:stoa0214/latinLit:stoa001","Liber de prodigiis","latinLit:stoa0214","Obsequens, Julius"
"latinLit:stoa0214/latinLit:stoa002","German","latinLit:stoa0214","Obsequens, Julius"
"latinLit:stoa0215/latinLit:stoa001","Carmina","latinLit:stoa0215","Optatianus Porphyrius"
"latinLit:stoa0216/latinLit:stoa001","Amores","latinLit:stoa0216","Ovid"
"latinLit:stoa0216/latinLit:stoa002","Ars amatoria","latinLit:stoa0216","Ovid"
"latinLit:stoa0216/latinLit:stoa003","De medicamine faciei","latinLit:stoa0216","Ovid"
"latinLit:stoa0216/latinLit:stoa004","Epistulae ex Ponto","latinLit:stoa0216","Ovid"
"latinLit:stoa0216/latinLit:stoa005","Fasti","latinLit:stoa0216","Ovid"
"latinLit:stoa0216/latinLit:stoa006","Halieutica","latinLit:stoa0216","Ovid"
"latinLit:stoa0216/latinLit:stoa007","Heroides","latinLit:stoa0216","Ovid"
"latinLit:stoa0216/latinLit:stoa008","Ibis","latinLit:stoa0216","Ovid"
"latinLit:stoa0216/latinLit:stoa009","Medea","latinLit:stoa0216","Ovid"
"latinLit:stoa0216/latinLit:stoa010","Metamorphoses","latinLit:stoa0216","Ovid"
"latinLit:stoa0216/latinLit:stoa011","Nux","latinLit:stoa0216","Ovid"
"latinLit:stoa0216/latinLit:stoa012","Remedia amoris","latinLit:stoa0216","Ovid"
"latinLit:stoa0216/latinLit:stoa013","Tristia","latinLit:stoa0216","Ovid"
"latinLit:stoa0217/latinLit:stoa001","Epigrammata","latinLit:stoa0217","Owen, John"
"latinLit:stoa0218/latinLit:stoa001","De insitione","latinLit:stoa0218","Palladius"
"latinLit:stoa0218/latinLit:stoa002","Opus agriculturae","latinLit:stoa0218","Palladius"
"latinLit:stoa0219/latinLit:stoa001","Epistula ad Hincmarum Remensem","latinLit:stoa0219","Pardulus Laudunensis"
"latinLit:stoa0220/latinLit:stoa001","De nominibus epitome","latinLit:stoa0220","Paris, Julius"
"latinLit:stoa0221/latinLit:stoa001","Liber de poetis","latinLit:stoa0221","Pascoli, Giovanni"
"latinLit:stoa0221/latinLit:stoa002","Res Romanae","latinLit:stoa0221","Pascoli, Giovanni"
"latinLit:stoa0222/latinLit:stoa001","De nihilo","latinLit:stoa0222","Passerat, Jean"
"latinLit:stoa0223/latinLit:stoa001","Poemata","latinLit:stoa0223","Paulinus of Nola"
"latinLit:stoa0224/latinLit:stoa001","Carmina","latinLit:stoa0224","Paulus Diaconus"
"latinLit:stoa0224/latinLit:stoa002","Fabulae","latinLit:stoa0224","Paulus Diaconus"
"latinLit:stoa0224/latinLit:stoa003","Historia xml:langobardorum","latinLit:stoa0224","Paulus Diaconus"
"latinLit:stoa0225/latinLit:stoa001","Saturae","latinLit:stoa0225","Persius"
"latinLit:stoa0226/latinLit:stoa001","Africa","latinLit:stoa0226","Petrarch"
"latinLit:stoa0226/latinLit:stoa002","De viris illustribus","latinLit:stoa0226","Petrarch"
"latinLit:stoa0226/latinLit:stoa003","Eclogae","latinLit:stoa0226","Petrarch"
"latinLit:stoa0226/latinLit:stoa004","Epistola ad Ciceronem","latinLit:stoa0226","Petrarch"
"latinLit:stoa0226/latinLit:stoa005","Linquimus Italiam","latinLit:stoa0226","Petrarch"
"latinLit:stoa0226/latinLit:stoa006","Psalmi penitentiales","latinLit:stoa0226","Petrarch"
"latinLit:stoa0226/latinLit:stoa007","Secretum","latinLit:stoa0226","Petrarch"
"latinLit:stoa0226/latinLit:stoa008","Turris Parmensis","latinLit:stoa0226","Petrarch"
"latinLit:stoa0226/latinLit:stoa009","Vallis clausa","latinLit:stoa0226","Petrarch"
"latinLit:stoa0227/latinLit:stoa001","Satyricon","latinLit:stoa0227","Petronius"
"latinLit:stoa0228/latinLit:stoa001","Fabulae","latinLit:stoa0228","Phaedrus"
"latinLit:stoa0229/latinLit:stoa001","Ad amicum excusatio quod amet","latinLit:stoa0229","Pico della Mirandola"
"latinLit:stoa0229/latinLit:stoa002","Ad Galeotum fratrem militantem","latinLit:stoa0229","Pico della Mirandola"
"latinLit:stoa0229/latinLit:stoa003","Ad Joannem Franciscum nepotem","latinLit:stoa0229","Pico della Mirandola"
"latinLit:stoa0229/latinLit:stoa004","Ad Deum deprecatio","latinLit:stoa0229","Pico della Mirandola"
"latinLit:stoa0229/latinLit:stoa005","Comitis carmina","latinLit:stoa0229","Pico della Mirandola"
"latinLit:stoa0229/latinLit:stoa006","Conqueritur adversus sibi in amore deos","latinLit:stoa0229","Pico della Mirandola"
"latinLit:stoa0229/latinLit:stoa007","De dignitate hominis oratio","latinLit:stoa0229","Pico della Mirandola"
"latinLit:stoa0229/latinLit:stoa008","De somniis ei amicam referentibus","latinLit:stoa0229","Pico della Mirandola"
"latinLit:stoa0229/latinLit:stoa009","Detestatur amores illustrium feminarum","latinLit:stoa0229","Pico della Mirandola"
"latinLit:stoa0229/latinLit:stoa010","Ex temporum vicissitudine iuvenes ad virtutem adhortatur","latinLit:stoa0229","Pico della Mirandola"
"latinLit:stoa0230/latinLit:stoa001","De duobus amantibus historia","latinLit:stoa0230","Piccolomini, Aeneas Sylvius"
"latinLit:stoa0231/latinLit:stoa001","Amphitruo","latinLit:stoa0231","Plautus"
"latinLit:stoa0231/latinLit:stoa002","Asinaria","latinLit:stoa0231","Plautus"
"latinLit:stoa0231/latinLit:stoa003","Aulularia","latinLit:stoa0231","Plautus"
"latinLit:stoa0231/latinLit:stoa004","Bacchides","latinLit:stoa0231","Plautus"
"latinLit:stoa0231/latinLit:stoa005","Captivi","latinLit:stoa0231","Plautus"
"latinLit:stoa0231/latinLit:stoa006","Casina","latinLit:stoa0231","Plautus"
"latinLit:stoa0231/latinLit:stoa007","Cistellaria","latinLit:stoa0231","Plautus"
"latinLit:stoa0231/latinLit:stoa008","Curculio","latinLit:stoa0231","Plautus"
"latinLit:stoa0231/latinLit:stoa009","Epidicus","latinLit:stoa0231","Plautus"
"latinLit:stoa0231/latinLit:stoa010","Menaechmi","latinLit:stoa0231","Plautus"
"latinLit:stoa0231/latinLit:stoa011","Mercator","latinLit:stoa0231","Plautus"
"latinLit:stoa0231/latinLit:stoa012","Miles Gloriosus","latinLit:stoa0231","Plautus"
"latinLit:stoa0231/latinLit:stoa013","Mostellaria","latinLit:stoa0231","Plautus"
"latinLit:stoa0231/latinLit:stoa014","Persa","latinLit:stoa0231","Plautus"
"latinLit:stoa0231/latinLit:stoa015","Poenulus","latinLit:stoa0231","Plautus"
"latinLit:stoa0231/latinLit:stoa016","Pseudolus","latinLit:stoa0231","Plautus"
"latinLit:stoa0231/latinLit:stoa017","Rudens","latinLit:stoa0231","Plautus"
"latinLit:stoa0231/latinLit:stoa018","Stichus","latinLit:stoa0231","Plautus"
"latinLit:stoa0231/latinLit:stoa019","Trinummus","latinLit:stoa0231","Plautus"
"latinLit:stoa0231/latinLit:stoa020","Truculentus","latinLit:stoa0231","Plautus"
"latinLit:stoa0231/latinLit:stoa021","Vidularia","latinLit:stoa0231","Plautus"
"latinLit:stoa0231/latinLit:stoa022","Fragmenta","latinLit:stoa0231","Plautus"
"latinLit:stoa0232/latinLit:stoa001","Naturalis Historia","latinLit:stoa0232","Pliny the Elder"
"latinLit:stoa0233/latinLit:stoa001","Epistulae","latinLit:stoa0233","Pliny the Younger"
"latinLit:stoa0233/latinLit:stoa002","Panegyricus","latinLit:stoa0233","Pliny the Younger"
"latinLit:stoa0234/latinLit:stoa001","Carmina erotica","latinLit:stoa0234","Pontano, Giovanni"
"latinLit:stoa0235/latinLit:stoa001","Epigrammata","latinLit:stoa0235","Prokopovic, Theophanes"
"latinLit:stoa0236/latinLit:stoa001","Elegiae","latinLit:stoa0236","Propertius"
"latinLit:stoa0237/latinLit:stoa001","Epistola ad Augustinum","latinLit:stoa0237","Prosper Aquitanus"
"latinLit:stoa0237/latinLit:stoa002","De gratia Dei et libero voluntatis arbitrio","latinLit:stoa0237","Prosper Aquitanus"
"latinLit:stoa0237/latinLit:stoa003","Sententiae","latinLit:stoa0237","Prosper Aquitanus"
"latinLit:stoa0238/latinLit:stoa001","Liber Peristephanon","latinLit:stoa0238","Prudentius"
"latinLit:stoa0238/latinLit:stoa002","Psychomachia","latinLit:stoa0238","Prudentius"
"latinLit:stoa0239/latinLit:stoa001","Declamationes maiores","latinLit:stoa0239","[Quintilian]"
"latinLit:stoa0240/latinLit:stoa001","Institutio oratoria","latinLit:stoa0240","Quintilian"
"latinLit:stoa0241/latinLit:stoa001","De rerum naturis sive De universo","latinLit:stoa0241","Rabanus Maurus"
"latinLit:stoa0242/latinLit:stoa001","De concubitu Martis et Veneris","latinLit:stoa0242","Reposianus"
"latinLit:stoa0243/latinLit:stoa001","Ver erat","latinLit:stoa0243","Rimbaud, Arthur"
"latinLit:stoa0244/latinLit:stoa001","Praefatio","latinLit:stoa0244","Ruaeus, Carolus"
"latinLit:stoa0244/latinLit:stoa002","Argumentum Aeneidos","latinLit:stoa0244","Ruaeus, Carolus"
"latinLit:stoa0245/latinLit:stoa001","Ignoramus","latinLit:stoa0245","Ruggle, George"
"latinLit:stoa0246/latinLit:stoa001","De figuris sententiarum et Elocutionis","latinLit:stoa0246","Rutilius Lupus"
"latinLit:stoa0247/latinLit:stoa001","De reditu suo","latinLit:stoa0247","Rutilius Namatianus"
"latinLit:stoa0248/latinLit:stoa001","Epistulae tres ad Ovidianas epistulas responsoriae","latinLit:stoa0248","Sabinus, Aulus"
"latinLit:stoa0249/latinLit:stoa001","De bello Iugurthino","latinLit:stoa0249","Sallust"
"latinLit:stoa0249/latinLit:stoa002","De coniuratione Catilinae","latinLit:stoa0249","Sallust"
"latinLit:stoa0249/latinLit:stoa003","Epistula secunda ad Caesarem senem","latinLit:stoa0249","Sallust"
"latinLit:stoa0249/latinLit:stoa004","Historiae","latinLit:stoa0249","Sallust"
"latinLit:stoa0249/latinLit:stoa005","Invectiva in Ciceronem","latinLit:stoa0249","Sallust"
"latinLit:stoa0250/latinLit:stoa001","De partu virginis","latinLit:stoa0250","Sannazaro, Jacopo"
"latinLit:stoa0250/latinLit:stoa002","Lamentatio de morte Christi","latinLit:stoa0250","Sannazaro, Jacopo"
"latinLit:stoa0251/latinLit:stoa001","Ad Sanctum Augustinum epistola","latinLit:stoa0251","Secundinus Manichaeus"
"latinLit:stoa0252/latinLit:stoa001","A solis ortus cardine","latinLit:stoa0252","Sedulius, Caelius"
"latinLit:stoa0252/latinLit:stoa002","Carmen Paschale","latinLit:stoa0252","Sedulius, Caelius"
"latinLit:stoa0253/latinLit:stoa001","Carmina","latinLit:stoa0253","Sedulius Scotus"
"latinLit:stoa0254/latinLit:stoa001","Controversiae","latinLit:stoa0254","Seneca the Elder"
"latinLit:stoa0254/latinLit:stoa002","Historiae ab initio bellorum civilium","latinLit:stoa0254","Seneca the Elder"
"latinLit:stoa0254/latinLit:stoa003","Suasoriae","latinLit:stoa0254","Seneca the Elder"
"latinLit:stoa0255/latinLit:stoa001","Agamemnon","latinLit:stoa0255","Seneca the Younger"
"latinLit:stoa0255/latinLit:stoa002","Apocolocyntosis","latinLit:stoa0255","Seneca the Younger"
"latinLit:stoa0255/latinLit:stoa003","De beneficiis","latinLit:stoa0255","Seneca the Younger"
"latinLit:stoa0255/latinLit:stoa004","De brevitate vitae","latinLit:stoa0255","Seneca the Younger"
"latinLit:stoa0255/latinLit:stoa005","De clementia","latinLit:stoa0255","Seneca the Younger"
"latinLit:stoa0255/latinLit:stoa006","De consolatione ad Helviam","latinLit:stoa0255","Seneca the Younger"
"latinLit:stoa0255/latinLit:stoa007","De consolatione ad Marciam","latinLit:stoa0255","Seneca the Younger"
"latinLit:stoa0255/latinLit:stoa008","De consolatione ad Polybium","latinLit:stoa0255","Seneca the Younger"
"latinLit:stoa0255/latinLit:stoa009","De constantia sapientis","latinLit:stoa0255","Seneca the Younger"
"latinLit:stoa0255/latinLit:stoa010","De ira","latinLit:stoa0255","Seneca the Younger"
"latinLit:stoa0255/latinLit:stoa011","De otio","latinLit:stoa0255","Seneca the Younger"
"latinLit:stoa0255/latinLit:stoa012","De providentia","latinLit:stoa0255","Seneca the Younger"
"latinLit:stoa0255/latinLit:stoa013","De tranquillitate Animi","latinLit:stoa0255","Seneca the Younger"
"latinLit:stoa0255/latinLit:stoa014","De vita beata","latinLit:stoa0255","Seneca the Younger"
"latinLit:stoa0255/latinLit:stoa015","Epistulae morales ad Lucilium","latinLit:stoa0255","Seneca the Younger"
"latinLit:stoa0255/latinLit:stoa016","Hercules furens","latinLit:stoa0255","Seneca the Younger"
"latinLit:stoa0255/latinLit:stoa017","Hercules Oetaeus","latinLit:stoa0255","Seneca the Younger"
"latinLit:stoa0255/latinLit:stoa018","Medea","latinLit:stoa0255","Seneca the Younger"
"latinLit:stoa0255/latinLit:stoa019","Oedipus","latinLit:stoa0255","Seneca the Younger"
"latinLit:stoa0255/latinLit:stoa020","Phaedra","latinLit:stoa0255","Seneca the Younger"
"latinLit:stoa0255/latinLit:stoa021","Phoenissae","latinLit:stoa0255","Seneca the Younger"
"latinLit:stoa0255/latinLit:stoa022","Quaestiones naturales","latinLit:stoa0255","Seneca the Younger"
"latinLit:stoa0255/latinLit:stoa023","Thyestes","latinLit:stoa0255","Seneca the Younger"
"latinLit:stoa0255/latinLit:stoa024","Troades","latinLit:stoa0255","Seneca the Younger"
"latinLit:stoa0256/latinLit:stoa001","De moribus","latinLit:stoa0256","[Seneca the Younger]"
"latinLit:stoa0256/latinLit:stoa002","Octavia","latinLit:stoa0256","[Seneca the Younger]"
"latinLit:stoa0257/latinLit:stoa001","Poematia","latinLit:stoa0257","Sentius Augurinus"
"latinLit:stoa0258/latinLit:stoa001","Liber medicinalis","latinLit:stoa0258","Serenus"
"latinLit:stoa0259/latinLit:stoa001","Commentarius in artem Donati","latinLit:stoa0259","Servius"
"latinLit:stoa0259/latinLit:stoa002","Commentarii in carmina Vergilii","latinLit:stoa0259","Servius"
"latinLit:stoa0259/latinLit:stoa003","De centum metris","latinLit:stoa0259","Servius"
"latinLit:stoa0259/latinLit:stoa004","De metris Horatii","latinLit:stoa0259","Servius"
"latinLit:stoa0260/latinLit:stoa001","De condicionibus agrorum","latinLit:stoa0260","Siculus Flaccus"
"latinLit:stoa0260/latinLit:stoa002","De divisis et assignatis","latinLit:stoa0260","Siculus Flaccus"
"latinLit:stoa0260/latinLit:stoa003","De quaestoriis agris","latinLit:stoa0260","Siculus Flaccus"
"latinLit:stoa0261/latinLit:stoa001","Carmina","latinLit:stoa0261","Sidonius Apollinaris"
"latinLit:stoa0261/latinLit:stoa002","Epistulae","latinLit:stoa0261","Sidonius Apollinaris"
"latinLit:stoa0262/latinLit:stoa001","Liber de scriptoribus ecclesiasticis","latinLit:stoa0262","Sigebert of Gembloux"
"latinLit:stoa0262/latinLit:stoa002","Virginalis sancta frequentia","latinLit:stoa0262","Sigebert of Gembloux"
"latinLit:stoa0263/latinLit:stoa001","Punica","latinLit:stoa0263","Silius Italicus"
"latinLit:stoa0264/latinLit:stoa001","De mirabilibus mundi","latinLit:stoa0264","Solinus"
"latinLit:stoa0265/latinLit:stoa001","Ethica","latinLit:stoa0265","Spinoza, Benedict de"
"latinLit:stoa0266/latinLit:stoa001","Sprenger, Jakob","latinLit:stoa0266",""
"latinLit:stoa0266/latinLit:stoa002","Malleus maleficarum","latinLit:stoa0266",""
"latinLit:stoa0267/latinLit:stoa001","Achilleis","latinLit:stoa0267","Statius, Papinius"
"latinLit:stoa0267/latinLit:stoa002","Silvae","latinLit:stoa0267","Statius, Papinius"
"latinLit:stoa0267/latinLit:stoa003","Thebais","latinLit:stoa0267","Statius, Papinius"
"latinLit:stoa0268/latinLit:stoa001","De grammaticis","latinLit:stoa0268","Suetonius"
"latinLit:stoa0268/latinLit:stoa002","De historicis","latinLit:stoa0268","Suetonius"
"latinLit:stoa0268/latinLit:stoa003","De oratoribus","latinLit:stoa0268","Suetonius"
"latinLit:stoa0268/latinLit:stoa004","De poetis","latinLit:stoa0268","Suetonius"
"latinLit:stoa0268/latinLit:stoa005","De rhetoribus","latinLit:stoa0268","Suetonius"
"latinLit:stoa0268/latinLit:stoa006","De vita Caesarum","latinLit:stoa0268","Suetonius"
"latinLit:stoa0269/latinLit:stoa001","Epistulae","latinLit:stoa0269","Sulpicia"
"latinLit:stoa0270/latinLit:stoa001","Chronica","latinLit:stoa0270","Sulpicius Severus"
"latinLit:stoa0270/latinLit:stoa002","Vita Sancti Martini","latinLit:stoa0270","Sulpicius Severus"
"latinLit:stoa0271/latinLit:stoa001","Relationes","latinLit:stoa0271","Symmachus"
"latinLit:stoa0272/latinLit:stoa001","Mimorum fragmenta","latinLit:stoa0272","Syrus, Publilius"
"latinLit:stoa0272/latinLit:stoa002","Sententiae","latinLit:stoa0272","Syrus, Publilius"
"latinLit:stoa0273/latinLit:stoa001","Agricola","latinLit:stoa0273","Tacitus"
"latinLit:stoa0273/latinLit:stoa002","Annales","latinLit:stoa0273","Tacitus"
"latinLit:stoa0273/latinLit:stoa003","Dialogus de oratoribus","latinLit:stoa0273","Tacitus"
"latinLit:stoa0273/latinLit:stoa004","Germania","latinLit:stoa0273","Tacitus"
"latinLit:stoa0273/latinLit:stoa005","Historiae","latinLit:stoa0273","Tacitus"
"latinLit:stoa0274/latinLit:stoa001","Adelphi","latinLit:stoa0274","Terence"
"latinLit:stoa0274/latinLit:stoa002","Andria","latinLit:stoa0274","Terence"
"latinLit:stoa0274/latinLit:stoa003","Eunuchus","latinLit:stoa0274","Terence"
"latinLit:stoa0274/latinLit:stoa004","Heauton Timorumenos","latinLit:stoa0274","Terence"
"latinLit:stoa0274/latinLit:stoa005","Hecyra","latinLit:stoa0274","Terence"
"latinLit:stoa0274/latinLit:stoa006","Phormio","latinLit:stoa0274","Terence"
"latinLit:stoa0275/latinLit:stoa001","Ad martyras","latinLit:stoa0275","Tertullian"
"latinLit:stoa0275/latinLit:stoa002","Ad nationes","latinLit:stoa0275","Tertullian"
"latinLit:stoa0275/latinLit:stoa003","Ad Scapulam","latinLit:stoa0275","Tertullian"
"latinLit:stoa0275/latinLit:stoa004","Adversus Hermogenem","latinLit:stoa0275","Tertullian"
"latinLit:stoa0275/latinLit:stoa005","Adversus Iudaeos","latinLit:stoa0275","Tertullian"
"latinLit:stoa0275/latinLit:stoa006","Adversus Marcionem","latinLit:stoa0275","Tertullian"
"latinLit:stoa0275/latinLit:stoa007","Adversus Praxean","latinLit:stoa0275","Tertullian"
"latinLit:stoa0275/latinLit:stoa008","Adversus Valentinianos","latinLit:stoa0275","Tertullian"
"latinLit:stoa0275/latinLit:stoa009","Apologeticum","latinLit:stoa0275","Tertullian"
"latinLit:stoa0275/latinLit:stoa010","De anima","latinLit:stoa0275","Tertullian"
"latinLit:stoa0275/latinLit:stoa011","De baptismo","latinLit:stoa0275","Tertullian"
"latinLit:stoa0275/latinLit:stoa012","De carne Christi","latinLit:stoa0275","Tertullian"
"latinLit:stoa0275/latinLit:stoa013","De corona militis","latinLit:stoa0275","Tertullian"
"latinLit:stoa0275/latinLit:stoa014","De cultu feminarum","latinLit:stoa0275","Tertullian"
"latinLit:stoa0275/latinLit:stoa015","De exhortatione castitatis","latinLit:stoa0275","Tertullian"
"latinLit:stoa0275/latinLit:stoa016","De fuga in persecutione","latinLit:stoa0275","Tertullian"
"latinLit:stoa0275/latinLit:stoa017","De idolatria","latinLit:stoa0275","Tertullian"
"latinLit:stoa0275/latinLit:stoa018","De ieiunio adversus psychicos","latinLit:stoa0275","Tertullian"
"latinLit:stoa0275/latinLit:stoa019","De monogamia","latinLit:stoa0275","Tertullian"
"latinLit:stoa0275/latinLit:stoa020","De oratione","latinLit:stoa0275","Tertullian"
"latinLit:stoa0275/latinLit:stoa021","De paenitentia","latinLit:stoa0275","Tertullian"
"latinLit:stoa0275/latinLit:stoa022","De pallio","latinLit:stoa0275","Tertullian"
"latinLit:stoa0275/latinLit:stoa023","De patientia","latinLit:stoa0275","Tertullian"
"latinLit:stoa0275/latinLit:stoa024","De praescriptione haereticorum","latinLit:stoa0275","Tertullian"
"latinLit:stoa0275/latinLit:stoa025","De pudicitia","latinLit:stoa0275","Tertullian"
"latinLit:stoa0275/latinLit:stoa026","De resurrectione carnis","latinLit:stoa0275","Tertullian"
"latinLit:stoa0275/latinLit:stoa027","De spectaculis","latinLit:stoa0275","Tertullian"
"latinLit:stoa0275/latinLit:stoa028","De testimonio animae","latinLit:stoa0275","Tertullian"
"latinLit:stoa0275/latinLit:stoa029","De virginibus velandis","latinLit:stoa0275","Tertullian"
"latinLit:stoa0275/latinLit:stoa030","Scorpiace adversus gnosticos Scorpiace","latinLit:stoa0275","Tertullian"
"latinLit:stoa0275/latinLit:stoa031","Fragmenta","latinLit:stoa0275","Tertullian"
"latinLit:stoa0276/latinLit:stoa001","Ad senatorem, ex Christiana religione ad idolorum servitutem conversum","latinLit:stoa0276","[Tertullian]"
"latinLit:stoa0276/latinLit:stoa002","Ad uxorem","latinLit:stoa0276","[Tertullian]"
"latinLit:stoa0276/latinLit:stoa003","Adversus omnes haereses","latinLit:stoa0276","[Tertullian]"
"latinLit:stoa0276/latinLit:stoa004","Carmen adversus Marcionitas","latinLit:stoa0276","[Tertullian]"
"latinLit:stoa0276/latinLit:stoa005","De execrandis gentis diis","latinLit:stoa0276","[Tertullian]"
"latinLit:stoa0276/latinLit:stoa006","De Iona et Ninive","latinLit:stoa0276","[Tertullian]"
"latinLit:stoa0276/latinLit:stoa007","De iudicio Domini","latinLit:stoa0276","[Tertullian]"
"latinLit:stoa0276/latinLit:stoa008","Genesis","latinLit:stoa0276","[Tertullian]"
"latinLit:stoa0276/latinLit:stoa009","Passio Perpetuae et Felicitatis","latinLit:stoa0276","[Tertullian]"
"latinLit:stoa0276/latinLit:stoa010","Sodoma","latinLit:stoa0276","[Tertullian]"
"latinLit:stoa0277/latinLit:stoa001","Vita Hludowici Imperatoris","latinLit:stoa0277","Theganus"
"latinLit:stoa0278/latinLit:stoa001","Physiologus","latinLit:stoa0278","Theobaldus"
"latinLit:stoa0279/latinLit:stoa001","Codex Theodosianus","latinLit:stoa0279","Theodosius II"
"latinLit:stoa0280/latinLit:stoa001","De imitatione Christi","latinLit:stoa0280","Thomas  Kempis"
"latinLit:stoa0281/latinLit:stoa001","Elegiae","latinLit:stoa0281","Tibullus"
"latinLit:stoa0282/latinLit:stoa001","Fabularum palliatarum fragmenta","latinLit:stoa0282","Trabea"
"latinLit:stoa0283/latinLit:stoa001","Dacica","latinLit:stoa0283","Trajan"
"latinLit:stoa0284/latinLit:stoa001","Argonautica","latinLit:stoa0284","Valerius Flaccus"
"latinLit:stoa0285/latinLit:stoa001","Facta et dicta memorabilium","latinLit:stoa0285","Valerius Maximus"
"latinLit:stoa0286/latinLit:stoa001","Antiquitates","latinLit:stoa0286","Varro"
"latinLit:stoa0286/latinLit:stoa002","De lingua Latina","latinLit:stoa0286","Varro"
"latinLit:stoa0286/latinLit:stoa003","Menippeae Saturae","latinLit:stoa0286","Varro"
"latinLit:stoa0286/latinLit:stoa004","Res rusticae","latinLit:stoa0286","Varro"
"latinLit:stoa0287/latinLit:stoa001","Epitoma rei militaris","latinLit:stoa0287","Vegetius"
"latinLit:stoa0288/latinLit:stoa001","Libri XII Aeneidos supplementum","latinLit:stoa0288","Vegio, Maffeo"
"latinLit:stoa0289/latinLit:stoa001","Historiae Romanae","latinLit:stoa0289","Velleius Paterculus"
"latinLit:stoa0290/latinLit:stoa001","Aeneid","latinLit:stoa0290","Vergil"
"latinLit:stoa0290/latinLit:stoa002","Eclogae","latinLit:stoa0290","Vergil"
"latinLit:stoa0290/latinLit:stoa003","Georgica","latinLit:stoa0290","Vergil"
"latinLit:stoa0291/latinLit:stoa001","Fragmenta","latinLit:stoa0291","Verrius Flaccus"
"latinLit:stoa0292/latinLit:stoa001","Oratio VI","latinLit:stoa0292","Vico, Giambattista"
"latinLit:stoa0292/latinLit:stoa002","Catalan","latinLit:stoa0292","Vico, Giambattista"
"latinLit:stoa0293/latinLit:stoa001","Scacchia","latinLit:stoa0293","Vida, Girolamo"
"latinLit:stoa0294/latinLit:stoa001","De architectura","latinLit:stoa0294","Vitruvius"
"latinLit:stoa0295/latinLit:stoa001","Carmina","latinLit:stoa0295","Waardenburg"
"latinLit:stoa0296/latinLit:stoa001","Dialogus","latinLit:stoa0296","William of Ockham"
"latinLit:stoa0297/latinLit:stoa001","Aetna","latinLit:stoa0297","Appendix Vergiliana"
"latinLit:stoa0297/latinLit:stoa002","Catalepton","latinLit:stoa0297","Appendix Vergiliana"
"latinLit:stoa0297/latinLit:stoa003","Ciris","latinLit:stoa0297","Appendix Vergiliana"
"latinLit:stoa0297/latinLit:stoa004","Copa","latinLit:stoa0297","Appendix Vergiliana"
"latinLit:stoa0297/latinLit:stoa005","Culex","latinLit:stoa0297","Appendix Vergiliana"
"latinLit:stoa0297/latinLit:stoa006","De institutione viri boni","latinLit:stoa0297","Appendix Vergiliana"
"latinLit:stoa0297/latinLit:stoa007","De rosis nascentibus","latinLit:stoa0297","Appendix Vergiliana"
"latinLit:stoa0297/latinLit:stoa008","Dirae","latinLit:stoa0297","Appendix Vergiliana"
"latinLit:stoa0297/latinLit:stoa009","Elegiae in Maecenatem","latinLit:stoa0297","Appendix Vergiliana"
"latinLit:stoa0297/latinLit:stoa010","Est et Non","latinLit:stoa0297","Appendix Vergiliana"
"latinLit:stoa0297/latinLit:stoa011","Lydia","latinLit:stoa0297","Appendix Vergiliana"
"latinLit:stoa0297/latinLit:stoa012","Moretum","latinLit:stoa0297","Appendix Vergiliana"
"latinLit:stoa0297/latinLit:stoa013","Priapea","latinLit:stoa0297","Appendix Vergiliana"
"latinLit:stoa0297/latinLit:stoa014","Quid hoc novi est?","latinLit:stoa0297","Appendix Vergiliana"
